{
    // See https://go.microsoft.com/fwlink/?LinkId=733558
    // for the documentation about the tasks.json format
    "version": "2.0.0",
    "tasks": [
        {
            "label": "build",
            "type": "shell",
            "command": "C:/PROGRA~1/mingw-w64/x86_64-8.1.0-posix-seh-rt_v6-rev0/mingw64/bin/g++",
            "args": [
                "-g",
                "${fileBasename}",
                "-o",
                "${fileBasenameNoExtension}"
            ],
            "problemMatcher": [
                "$gcc"
            ],
            "group": {
                "kind": "build",
                "isDefault": true
            }
        },
        {
            "label": "run",
            "type": "shell",
            "command": "./${fileBasenameNoExtension}.exe",
            "problemMatcher": []
        }
    ]
}
